﻿<?xml version="1.0" standalone="yes"?>
<CustomerDetail>
  <Customer>
    <username>sam</username>
    <password>123</password>
    <email>sam@gmail.com</email>
    <phone>9600197755</phone>
    <address>Kelambakkam,
Chennai-603103</address>
    <gender>Male</gender>
    <dob>1990-12-20</dob>
    <states>Tamil Nadu</states>
  </Customer>
  <Customer>
    <username>peter</username>
    <password>741</password>
    <email>peter@cognizant.com</email>
    <phone>9600197759</phone>
    <address>Thoraipakkam,
Chennai-600012</address>
    <gender>Male</gender>
    <dob>1991-01-25</dob>
    <states>Tamil Nadu</states>
  </Customer>
</CustomerDetail>