<?xml version="1.0" standalone="yes"?>
<CustomerDetail>
  <Customer>
    <username>Kohila</username>
    <password>wewe</password>
    <email>kokidhar@gmail.com</email>
    <phone>9788715094</phone>
    <address>Karuvampalayam</address>
    <gender>Female</gender>
    <dob>2018-09-15</dob>
    <states>TamilNadu</states>
  </Customer>
  <Customer>
    <username>Dharani</username>
    <password>sdsd</password>
    <email>kokidhar@gmail.com</email>
    <phone>9788715096</phone>
    <address>Perumaanallur</address>
    <gender>Female</gender>
    <dob>2018-09-03</dob>
    <states>Kerala</states>
  </Customer>
</CustomerDetail>